id,title,area,type,startDate,finishDate,quantity
100,LL,Katowice,EUR,2017-04-12,2021-05-16,724
101,Bg,Kraków,CP9,2019-12-14,2020-12-08,138
102,YJ,Katowice,CP1,2010-08-23,2021-05-06,683
103,vM,Gliwice,CP5,2019-07-12,2021-09-03,135
104,bH,Kraków,CP5,2013-11-19,2021-12-16,794
105,sC,Katowice,EUR,2019-09-06,2020-03-26,583
106,TN,Katowice,EPAL,2014-03-23,2021-01-18,13
107,Aj,Gliwice,EPAL,2010-05-04,2020-07-22,358
108,JL,Kraków,CP1,2017-06-20,2021-10-10,418
109,ig,Kraków,EPAL,2018-10-29,2021-10-19,453
110,xw,Katowice,CP1,2012-03-06,2021-03-14,332
111,sw,Kraków,CP1,2011-04-30,2020-06-01,671
112,Bp,Gliwice,CP1,2015-12-08,2021-10-11,67
113,bp,Gliwice,CP9,2018-11-16,2021-11-08,168
114,FP,Kraków,EUR,2012-05-25,2021-08-16,890
115,zl,Kraków,EPAL,2018-12-04,2020-06-19,348
116,AB,Katowice,EUR,2012-02-03,2021-12-24,36
117,Ky,Kraków,CP1,2011-11-29,2020-07-13,924
118,KE,Katowice,CP9,2016-06-15,2021-03-11,953
119,eP,Gliwice,EPAL,2014-12-17,2021-10-04,105
120,Jx,Gliwice,CP1,2018-01-08,2021-03-08,280
121,aJ,Katowice,EPAL,2016-05-19,2020-06-27,914
122,NY,Gliwice,EUR,2018-04-12,2020-12-28,6
123,eh,Katowice,ISO,2011-12-21,2020-12-05,421
124,CL,Kraków,EPAL,2017-04-24,2020-09-30,641
125,"A ",Katowice,EPAL,2012-03-26,2020-04-02,565
126,"s ",Kraków,EPAL,2011-09-18,2021-02-25,193
127,KS,Kraków,CP9,2011-02-03,2020-11-26,678
128,nZ,Gliwice,CP1,2018-04-11,2021-09-22,281
129,IR,Kraków,ISO,2018-11-04,2020-01-20,157
130,qy,Kraków,CP5,2017-05-07,2021-02-17,117
131,QU,Gliwice,CP5,2019-02-09,2021-09-02,20
132,Sd,Katowice,CP9,2017-05-21,2020-09-08,794
133,eT,Gliwice,EUR,2019-10-03,2020-09-30,195
134,tl,Katowice,CP9,2015-12-10,2021-07-17,493
135,xz,Kraków,CP5,2011-07-06,2021-07-18,969
136,uC,Gliwice,CP5,2014-10-19,2021-04-14,447
137,xE,Kraków,CP9,2017-01-01,2021-09-17,533
138,mS,Katowice,EPAL,2013-10-27,2020-05-18,876
139," p",Gliwice,CP1,2010-12-09,2020-01-14,400
140,uZ,Katowice,CP1,2013-01-29,2021-04-16,730
141,no,Kraków,CP1,2010-07-14,2020-05-12,857
142,et,Kraków,ISO,2013-03-07,2021-01-26,314
143,qv,Kraków,EUR,2014-05-16,2020-05-21,343
144,aV,Gliwice,CP9,2013-06-05,2020-02-22,492
145,BS,Kraków,EPAL,2018-04-05,2020-04-05,861
146,SD,Katowice,CP1,2016-09-04,2021-01-26,205
147,SE,Katowice,CP9,2011-03-08,2021-07-11,981
148,Sn,Kraków,CP5,2017-05-25,2021-11-07,437
149,RU,Kraków,EPAL,2018-11-30,2020-01-16,568
150,cg,Katowice,CP9,2019-03-05,2021-04-19,427
151,AT,Katowice,EPAL,2011-05-11,2020-10-13,39
152,"Z ",Katowice,CP1,2011-08-27,2021-09-28,273
153,cE,Katowice,ISO,2011-03-05,2020-09-14,325
154,bC,Katowice,EUR,2017-08-15,2020-11-17,520
155,Le,Kraków,EUR,2014-01-30,2020-01-18,222
156,jV,Katowice,EPAL,2019-09-11,2020-09-10,907
157,dK,Katowice,EPAL,2015-01-04,2021-10-04,123
158,Ct,Gliwice,CP1,2010-10-26,2021-10-14,168
159,Cl,Gliwice,EUR,2018-06-24,2020-01-07,913
160,CS,Katowice,ISO,2010-06-13,2020-07-22,99
161,QL,Gliwice,CP5,2017-11-14,2020-07-30,249
162,fq,Katowice,EUR,2012-08-06,2020-06-09,699
163,ph,Gliwice,CP1,2013-08-16,2021-05-12,468
164,Xc,Gliwice,CP1,2019-10-27,2021-08-25,198
165,iz,Gliwice,CP9,2010-10-08,2021-04-12,214
166,He,Katowice,EUR,2019-02-12,2021-08-25,266
167,qM,Kraków,CP9,2014-01-12,2021-10-14,459
168,Ac,Gliwice,EUR,2010-09-13,2020-06-04,917
169,Gg,Gliwice,EUR,2011-11-03,2021-11-30,487
170,ek,Gliwice,EPAL,2012-06-13,2020-05-17,590
171,uu,Gliwice,CP9,2011-04-24,2021-08-23,692
172,lm,Katowice,EUR,2011-10-12,2020-07-23,884
173,JN,Katowice,ISO,2018-03-10,2021-09-13,565
174,FK,Kraków,EUR,2015-04-09,2021-09-18,843
175,IV,Gliwice,CP5,2016-08-05,2020-04-03,207
176,vo,Katowice,CP5,2012-10-16,2021-07-14,959
177,ID,Gliwice,CP9,2014-05-20,2021-03-28,590
178,wO,Katowice,EPAL,2011-11-26,2021-09-30,686
179,jk,Kraków,EUR,2017-01-03,2021-01-13,82
180,pX,Gliwice,EPAL,2019-01-30,2021-12-17,799
181,eH,Gliwice,EPAL,2014-10-04,2020-11-22,277
182,Fp,Kraków,EUR,2012-03-22,2020-06-21,638
183,ES,Kraków,ISO,2013-12-07,2021-09-24,328
184,dv,Katowice,CP5,2017-11-20,2020-04-09,563
185,fC,Kraków,CP9,2012-09-04,2021-11-18,584
186,qB,Gliwice,EUR,2019-07-11,2021-06-03,617
187,jH,Gliwice,EUR,2016-02-09,2020-03-20,552
188,JP,Kraków,ISO,2013-01-05,2020-11-25,171
189,ug,Gliwice,EUR,2010-02-21,2021-01-16,335
190,Or,Gliwice,CP5,2016-01-19,2020-03-15,367
191,Mn,Kraków,EPAL,2013-10-11,2021-01-24,385
192,tf,Kraków,CP9,2016-10-28,2020-07-29,464
193,Wp,Katowice,EPAL,2010-10-09,2021-10-29,761
194,jF,Kraków,CP5,2018-02-17,2020-03-09,922
195,jk,Kraków,EPAL,2011-07-03,2020-03-27,481
196,sS,Katowice,EPAL,2018-08-19,2021-02-02,720
197,Co,Gliwice,CP9,2017-06-13,2020-07-25,454
198,RC,Gliwice,ISO,2013-03-18,2021-06-08,747
199,eg,Gliwice,EUR,2012-04-03,2021-09-15,2
200," H",Kraków,CP1,2019-06-22,2021-04-13,44
201,AE,Katowice,CP1,2011-11-14,2021-06-21,43
202,LS,Kraków,CP5,2015-06-27,2020-05-29,458
203,Hf,Gliwice,ISO,2019-09-18,2020-02-07,770
204,aj,Gliwice,ISO,2016-11-25,2020-06-09,771
205,db,Katowice,ISO,2019-12-09,2020-02-07,713
206,YU,Kraków,EPAL,2011-12-29,2020-07-20,385
207,wQ,Katowice,CP5,2015-08-19,2020-05-04,289
208,Pc,Gliwice,EUR,2014-06-25,2021-09-29,646
209," k",Gliwice,CP9,2010-01-01,2020-07-03,902
210,Fg,Gliwice,EUR,2018-07-31,2020-08-02,729
211,Wi,Katowice,ISO,2013-06-28,2020-11-09,79
212,aK,Katowice,EUR,2016-12-19,2020-04-13,186
213,Xq,Katowice,CP1,2011-06-08,2020-08-17,422
214,Mn,Gliwice,CP9,2014-05-02,2021-11-22,584
215,ld,Kraków,CP9,2011-08-15,2021-03-22,704
216,XJ,Katowice,ISO,2012-03-29,2021-03-04,814
217,dU,Katowice,CP5,2012-09-02,2020-03-08,921
218,mv,Kraków,CP5,2013-12-26,2020-10-30,725
219,Hw,Gliwice,ISO,2019-06-28,2020-02-02,812
220,sy,Gliwice,CP1,2017-12-27,2021-08-13,552
221,eD,Kraków,CP1,2010-10-05,2021-05-29,86
222,BU,Katowice,ISO,2015-11-21,2020-07-09,10
223,mU,Kraków,EPAL,2015-07-19,2020-08-02,47
224,vy,Katowice,EUR,2013-01-24,2021-07-02,392
225," y",Kraków,CP1,2014-09-19,2020-02-15,349
226,zF,Gliwice,EUR,2012-02-11,2020-02-22,69
227,YB,Kraków,CP1,2011-04-10,2020-11-08,551
228,Ig,Kraków,CP1,2017-12-07,2020-08-23,445
229,Ru,Katowice,EUR,2018-09-30,2020-09-23,10
230,Yj,Katowice,EPAL,2015-10-13,2020-07-30,11
231,sC,Gliwice,EUR,2015-07-11,2021-12-20,603
232,Ok,Gliwice,EUR,2019-07-15,2020-01-25,918
233,ly,Katowice,CP1,2010-09-01,2021-04-26,820
234,Un,Kraków,ISO,2010-06-14,2020-11-06,701
235,XU,Gliwice,CP1,2019-09-20,2020-08-28,709
236,cY,Kraków,EUR,2011-11-07,2021-11-01,974
237,SK,Katowice,EUR,2013-09-25,2020-06-25,403
238,Il,Kraków,CP9,2014-04-29,2020-06-23,686
239,dq,Kraków,EUR,2015-10-26,2021-02-26,967
240,VW,Kraków,EUR,2014-07-06,2021-04-19,209
241,kg,Gliwice,CP9,2018-02-12,2021-05-09,697
242,SB,Katowice,CP9,2014-01-17,2021-05-31,261
243,XW,Katowice,EUR,2010-03-18,2020-02-02,29
244,KU,Gliwice,CP9,2016-03-16,2020-06-13,58
245,PS,Katowice,CP9,2010-01-13,2020-05-02,474
246,iM,Kraków,ISO,2017-08-25,2021-05-24,89
247,Dc,Katowice,CP5,2014-03-17,2021-07-02,154
248,XH,Kraków,ISO,2018-02-26,2020-11-26,168
249,hq,Kraków,CP5,2018-06-12,2021-01-17,976
250,bu,Gliwice,ISO,2015-03-06,2020-02-13,309
251,jP,Gliwice,ISO,2013-07-24,2021-06-27,531
252,fL,Katowice,CP5,2018-04-29,2021-03-07,565
253,Qu,Katowice,CP9,2012-07-30,2021-03-06,196
254,Bm,Katowice,CP1,2016-05-11,2020-07-08,829
255,cQ,Kraków,EPAL,2012-08-12,2020-09-13,143
256,fL,Kraków,CP9,2017-02-27,2020-05-25,904
257,sU,Kraków,CP9,2011-02-14,2020-11-13,479
258,iy,Katowice,CP1,2017-05-07,2021-09-21,446
259,LM,Katowice,ISO,2013-01-11,2021-03-08,658
260,SL,Kraków,EUR,2016-05-16,2020-11-10,650
261,TK,Katowice,ISO,2013-01-30,2020-03-09,210
262,EH,Gliwice,CP9,2010-05-04,2021-01-27,203
263,DY,Gliwice,EUR,2011-11-25,2021-11-12,112
264,Sd,Gliwice,ISO,2015-02-20,2021-08-18,985
265,hk,Kraków,CP5,2011-11-18,2021-06-26,34
266,ha,Kraków,CP9,2016-03-03,2020-12-25,813
267,JM,Gliwice,CP5,2018-11-03,2021-01-21,397
268,eZ,Kraków,EUR,2011-08-14,2021-10-02,293
269,aJ,Katowice,ISO,2017-11-11,2020-11-18,529
270,ly,Gliwice,CP1,2010-10-29,2021-06-04,996
271,BN,Katowice,EUR,2010-03-02,2021-04-02,796
272,FR,Kraków,ISO,2017-02-02,2020-04-28,963
273,uv,Kraków,CP5,2012-02-13,2021-08-16,943
274,MB,Katowice,CP9,2010-06-08,2020-04-30,980
275,ys,Katowice,EUR,2013-09-08,2020-11-12,453
276,Nr,Gliwice,ISO,2017-04-28,2020-12-12,172
277,Yu,Kraków,ISO,2015-04-28,2021-08-27,718
278,qI,Katowice,CP1,2017-09-25,2021-07-18,261
279,bR,Kraków,ISO,2014-01-21,2020-04-09,813
280,JO,Katowice,CP5,2011-08-24,2021-01-20,354
281,gJ,Gliwice,CP5,2019-11-15,2020-02-18,197
282,Be,Kraków,EUR,2012-01-29,2021-12-09,884
283,bf,Gliwice,EPAL,2012-04-10,2021-04-22,656
284,vM,Gliwice,CP1,2019-06-26,2020-04-26,247
285,xD,Gliwice,CP1,2015-06-12,2020-03-01,502
286,CK,Gliwice,EPAL,2012-11-04,2021-04-21,844
287,QA,Katowice,CP9,2018-09-08,2021-05-28,829
288,bU,Katowice,EUR,2018-05-21,2020-12-30,624
289,zI,Gliwice,ISO,2013-12-17,2020-12-07,760
290,XK,Katowice,CP1,2016-10-10,2020-01-01,175
291,Nc,Gliwice,CP5,2019-08-19,2020-01-19,540
292,CJ,Katowice,EPAL,2012-10-24,2021-11-29,971
293,Ls,Gliwice,EUR,2016-10-15,2021-12-26,813
294,kj,Kraków,EPAL,2019-07-10,2020-12-10,595
295,OY,Katowice,CP1,2016-07-25,2020-05-22,746
296,xS,Gliwice,CP9,2010-08-18,2020-07-16,977
297,Tq,Gliwice,CP5,2012-01-18,2021-09-21,748
298,rD,Katowice,CP5,2010-11-03,2020-09-30,402
299,PF,Kraków,CP5,2014-03-21,2021-12-22,958
300,NO,Gliwice,CP9,2017-02-22,2021-08-14,579
301,HZ,Katowice,EPAL,2017-05-30,2021-08-18,999
302,ga,Kraków,CP9,2017-02-15,2021-12-14,829
303,JJ,Kraków,EUR,2019-11-22,2020-12-16,351
304,VE,Gliwice,CP5,2013-01-02,2020-05-10,594
305,fX,Gliwice,CP1,2012-09-29,2020-06-15,902
306,Os,Kraków,ISO,2015-11-04,2021-04-28,812
307,ZI,Kraków,EUR,2010-04-24,2021-10-21,705
308,cl,Gliwice,CP1,2017-08-01,2021-08-22,533
309,cJ,Gliwice,EUR,2016-09-12,2020-04-16,274
310,BL,Kraków,CP5,2011-12-01,2021-09-03,448
311,Uo,Kraków,CP5,2016-04-04,2020-02-18,719
312,KT,Kraków,CP1,2014-05-03,2020-02-02,542
313,BB,Gliwice,CP5,2011-04-13,2021-09-05,655
314,Lh,Kraków,CP5,2014-12-07,2020-04-09,968
315,uM,Kraków,EUR,2016-08-19,2020-11-19,941
316,hx,Kraków,EPAL,2016-10-07,2020-09-14,410
317,tQ,Kraków,EUR,2010-08-22,2020-11-08,614
318,Sr,Kraków,EUR,2019-06-03,2020-10-05,320
319,Hm,Katowice,CP9,2014-01-27,2021-03-26,426
320,fC,Gliwice,EUR,2017-10-20,2020-06-22,917
321,qV,Gliwice,EUR,2015-11-24,2021-09-30,229
322,Vr,Gliwice,CP5,2014-08-13,2020-01-02,949
323,Kd,Katowice,CP5,2013-06-16,2021-06-15,513
324,tU,Gliwice,EPAL,2013-09-17,2021-12-13,163
325,AN,Kraków,ISO,2012-11-11,2020-10-08,497
326,Wa,Kraków,ISO,2019-08-09,2021-04-03,545
327,Oc,Gliwice,CP5,2013-12-04,2021-10-19,64
328,MJ,Katowice,EPAL,2013-10-05,2021-10-20,267
329,ND,Kraków,CP9,2014-08-24,2020-04-08,795
330," y",Katowice,CP9,2011-12-10,2020-07-07,493
331,Nv,Gliwice,EUR,2014-07-16,2020-05-06,661
332,Ao,Gliwice,CP5,2019-02-11,2021-07-20,974
333,wZ,Katowice,CP5,2016-03-08,2020-04-30,613
334,od,Katowice,EPAL,2015-06-07,2021-04-13,157
335,ns,Gliwice,EUR,2014-10-05,2020-01-06,422
336,Lm,Gliwice,EUR,2013-11-28,2020-03-10,464
337,OG,Katowice,CP5,2017-07-10,2020-06-27,848
338,TL,Kraków,CP5,2010-07-07,2020-05-19,482
339,kd,Gliwice,ISO,2017-04-12,2021-04-05,336
340,yD,Kraków,CP1,2017-01-24,2021-03-31,400
341,wu,Kraków,EUR,2017-09-23,2020-07-28,405
342,qO,Katowice,CP1,2015-08-01,2021-09-27,693
343," s",Gliwice,EPAL,2018-12-12,2020-10-17,195
344,DP,Kraków,CP1,2013-05-15,2020-11-02,681
345,pC,Gliwice,CP9,2017-12-20,2021-11-06,433
346,af,Gliwice,EUR,2011-01-11,2021-08-05,158
347,xq,Gliwice,CP5,2015-12-29,2020-10-21,589
348,Yg,Katowice,CP9,2013-07-31,2020-12-26,885
349,tN,Kraków,CP9,2016-10-23,2020-09-19,883
350,lM,Kraków,CP5,2017-08-15,2020-01-11,770
351," k",Katowice,CP5,2015-09-14,2020-04-02,976
352,yC,Kraków,CP1,2013-07-07,2020-12-26,970
353,ft,Gliwice,CP5,2014-04-03,2020-08-04,524
354,Ow,Gliwice,CP1,2018-01-09,2020-07-16,950
355,nv,Gliwice,CP9,2010-01-24,2021-11-05,149
356,tC,Katowice,EPAL,2011-05-10,2021-08-01,466
357,mT,Gliwice,CP1,2013-07-02,2021-07-27,622
358,va,Kraków,CP9,2011-07-01,2021-06-17,764
359,ry,Kraków,CP1,2016-03-05,2021-04-08,320
360,Ce,Kraków,CP9,2012-12-22,2020-03-28,732
361,KW,Gliwice,ISO,2016-10-19,2021-11-24,627
362,kJ,Gliwice,CP5,2015-06-18,2020-05-25,972
363,kM,Kraków,CP1,2017-04-04,2020-05-03,42
364,OU,Katowice,EUR,2013-02-15,2020-01-02,60
365,Qw,Kraków,CP9,2015-04-23,2021-04-19,620
366,nh,Gliwice,EPAL,2017-06-11,2021-01-31,458
367,sF,Katowice,ISO,2012-07-15,2021-12-15,968
368,dD,Gliwice,CP5,2019-11-02,2021-10-13,433
369,EN,Katowice,EUR,2018-11-06,2021-08-29,976
370,bj,Kraków,CP1,2017-02-28,2020-02-19,316
371,Fc,Katowice,CP9,2013-03-22,2020-04-13,287
372,SJ,Katowice,ISO,2017-06-25,2021-06-04,111
373,Qg,Gliwice,EPAL,2012-05-05,2020-04-29,744
374,Lc,Kraków,CP1,2016-12-14,2021-07-06,963
375,By,Katowice,CP1,2018-12-02,2021-04-19,718
376,gy,Gliwice,EPAL,2017-12-14,2020-01-08,213
377,Vr,Katowice,CP5,2017-10-21,2020-02-18,214
378,XX,Kraków,ISO,2013-12-11,2021-04-07,954
379,lm,Katowice,CP1,2016-05-25,2021-01-09,907
380,zC,Katowice,EPAL,2016-03-18,2020-09-23,138
381,bU,Gliwice,CP9,2011-06-23,2021-09-08,525
382,Go,Katowice,EUR,2012-10-16,2021-07-06,225
383,aK,Gliwice,CP5,2011-09-19,2021-08-27,273
384,YU,Katowice,ISO,2010-10-26,2020-03-26,224
385,ut,Kraków,CP9,2011-12-09,2020-06-02,528
386,LI,Kraków,ISO,2011-08-04,2021-08-28,83
387,iE,Gliwice,CP5,2019-09-19,2020-08-08,942
388,AA,Katowice,CP1,2015-07-28,2020-07-23,892
389,fj,Gliwice,CP1,2018-07-26,2020-01-16,56
390,ZJ,Katowice,EPAL,2018-12-02,2020-10-07,642
391,KK,Gliwice,EUR,2017-12-11,2020-02-27,823
392,YG,Gliwice,CP5,2014-08-19,2021-06-03,612
393,yr,Katowice,CP5,2013-11-24,2021-03-24,634
394,qU,Kraków,CP9,2015-06-01,2021-11-01,327
395,gB,Kraków,EUR,2014-08-21,2020-10-25,552
396,er,Kraków,CP5,2014-05-22,2021-05-15,880
397,YJ,Katowice,ISO,2017-03-22,2021-10-27,295
398,Fw,Kraków,ISO,2019-12-26,2020-05-02,530
399,dT,Gliwice,CP5,2011-06-18,2021-12-08,910
400,ux,Katowice,ISO,2011-06-24,2020-11-22,490
401,ZT,Kraków,CP9,2012-01-21,2020-03-07,495
402,Yn,Gliwice,CP5,2017-05-11,2021-03-22,756
403,pI,Gliwice,EUR,2017-10-21,2021-07-21,595
404,HD,Katowice,CP9,2018-04-11,2020-12-20,501
405,Jl,Katowice,ISO,2015-02-19,2021-05-19,517
406,mR,Kraków,CP5,2018-11-12,2020-04-21,129
407,jM,Gliwice,EPAL,2010-04-28,2020-06-07,279
408,ce,Gliwice,CP9,2018-05-16,2021-10-23,695
409,km,Katowice,CP9,2016-04-26,2020-07-14,25
410,mU,Katowice,CP9,2017-04-22,2021-09-08,450
411,Yt,Kraków,ISO,2018-02-26,2020-07-14,572
412,ur,Gliwice,EUR,2013-09-07,2021-04-25,511
413,ZW,Kraków,CP1,2013-02-26,2021-07-10,585
414,Zx,Gliwice,EPAL,2017-01-20,2021-12-19,851
415,id,Katowice,CP5,2019-04-29,2020-10-11,195
416,vD,Kraków,ISO,2016-01-11,2021-09-01,699
417,VG,Gliwice,EPAL,2015-06-24,2021-12-29,437
418,aP,Katowice,EUR,2010-08-29,2020-07-14,650
419,Jv,Kraków,EUR,2013-08-25,2021-11-04,362
420,"w ",Katowice,CP1,2016-02-16,2020-11-13,953
421,Mw,Katowice,CP1,2011-06-11,2020-04-07,104
422,Yx,Katowice,CP9,2013-01-29,2020-11-02,113
423,mA,Kraków,CP5,2013-05-29,2021-01-14,15
424,Zg,Gliwice,EUR,2019-05-24,2020-01-31,979
425,RU,Katowice,EUR,2018-04-02,2021-09-28,391
426,MT,Katowice,EPAL,2015-08-12,2020-06-29,521
427,Xb,Kraków,EUR,2010-12-06,2020-01-25,693
428,Gw,Katowice,EPAL,2011-03-16,2020-01-17,40
429,Bc,Gliwice,CP1,2012-12-19,2020-05-10,743
430,eX,Katowice,CP1,2011-08-06,2020-07-04,524
431,Wr,Kraków,CP1,2011-08-04,2020-09-29,933
432,Ih,Gliwice,CP9,2010-11-11,2021-09-08,108
433,sI,Kraków,ISO,2016-01-20,2021-02-21,871
434,Na,Katowice,CP9,2018-12-11,2020-01-19,115
435,jH,Gliwice,CP5,2015-01-08,2021-02-08,134
436,VI,Katowice,ISO,2016-09-01,2021-10-31,674
437,rF,Kraków,CP5,2012-11-02,2020-10-07,466
438,SI,Kraków,ISO,2016-12-06,2020-08-12,88
439,My,Katowice,ISO,2018-01-22,2020-06-11,85
440,Pc,Katowice,ISO,2014-02-07,2020-08-11,653
441,hh,Katowice,EUR,2016-10-12,2020-07-17,917
442,Js,Kraków,ISO,2017-06-14,2020-02-11,14
443,Cw,Gliwice,CP5,2012-05-10,2021-08-23,117
444,he,Gliwice,CP5,2014-05-09,2021-09-15,269
445,qF,Kraków,EUR,2017-05-22,2020-12-17,398
446,yb,Kraków,ISO,2015-03-21,2020-10-27,681
447,af,Gliwice,EPAL,2012-10-23,2021-05-28,545
448,nT,Katowice,CP5,2019-09-03,2020-07-13,71
449,fz,Katowice,EPAL,2014-11-09,2020-08-09,506
450,Un,Katowice,CP5,2017-01-08,2021-05-09,842
451,iq,Kraków,CP5,2018-04-18,2020-01-11,285
452,zz,Gliwice,CP1,2011-11-01,2021-01-26,730
453,Dh,Gliwice,EPAL,2013-02-09,2020-10-30,365
454,NI,Gliwice,CP1,2017-09-09,2020-09-12,481
455,gT,Gliwice,EUR,2018-06-22,2021-09-20,31
456,AM,Kraków,CP1,2013-04-06,2021-08-03,257
457,vy,Kraków,ISO,2010-01-26,2020-04-13,196
458,Tg,Katowice,CP1,2017-08-20,2020-12-02,198
459,HM,Katowice,CP1,2011-08-30,2021-10-28,921
460,lH,Katowice,CP5,2017-11-15,2021-09-10,442
461,ZU,Gliwice,CP5,2011-04-15,2021-03-08,595
462,MN,Kraków,CP1,2010-05-12,2021-07-24,896
463,Rv,Katowice,CP5,2019-03-04,2020-09-15,954
464,Hp,Katowice,ISO,2016-12-10,2020-01-27,586
465,kZ,Kraków,EUR,2018-01-04,2021-05-16,678
466,mW,Gliwice,CP9,2015-06-15,2021-12-12,32
467,ku,Gliwice,CP5,2018-06-05,2021-02-21,673
468,Oz,Katowice,CP9,2019-07-23,2021-07-13,649
469,PD,Katowice,EUR,2012-01-01,2020-12-09,490
470,VD,Gliwice,ISO,2013-08-01,2021-12-20,744
471,Co,Katowice,CP1,2016-09-04,2021-01-26,214
472,CZ,Katowice,CP1,2019-03-02,2020-02-09,502
473,Ld,Kraków,EPAL,2018-01-25,2021-11-06,159
474,gS,Katowice,EUR,2018-06-17,2021-07-28,330
475,Oz,Katowice,CP9,2019-07-03,2021-02-27,683
476,iX,Gliwice,ISO,2016-03-01,2021-05-16,229
477,Mx,Kraków,ISO,2012-08-22,2020-03-07,934
478,DO,Gliwice,ISO,2015-10-02,2021-09-27,600
479,BP,Katowice,CP5,2019-01-06,2021-06-21,140
480,"V ",Katowice,EUR,2012-03-04,2020-06-10,638
481,ha,Kraków,CP1,2018-07-07,2020-01-09,856
482,EH,Kraków,CP9,2017-10-10,2020-12-30,395
483,oE,Kraków,CP1,2010-05-24,2021-01-22,548
484,vI,Gliwice,ISO,2014-01-30,2021-03-23,87
485,EX,Kraków,CP1,2019-05-10,2020-09-21,732
486,Ms,Kraków,EPAL,2019-04-22,2021-06-11,202
487,mA,Katowice,CP5,2014-05-02,2020-12-31,34
488,JD,Gliwice,EPAL,2015-03-25,2020-07-24,906
489,ny,Kraków,CP9,2012-09-25,2020-01-21,130
490,rn,Gliwice,EUR,2013-11-25,2021-06-26,409
491,gC,Kraków,CP1,2018-08-29,2021-10-13,729
492,fj,Gliwice,EPAL,2013-07-21,2021-07-11,97
493,rl,Katowice,ISO,2010-12-07,2021-04-08,558
494,dv,Gliwice,CP1,2013-06-06,2020-06-13,671
495,ci,Kraków,CP9,2015-04-21,2020-08-17,21
496,lA,Katowice,EUR,2014-11-11,2021-12-31,869
497,tS,Gliwice,CP9,2014-10-04,2020-07-02,285
498,tZ,Gliwice,ISO,2012-11-05,2020-07-14,918
499,Ud,Kraków,EPAL,2018-11-23,2020-04-15,51
500,Hs,Katowice,ISO,2015-06-07,2021-02-28,636
501,PP,Katowice,CP9,2013-05-24,2021-04-22,95
502,Et,Gliwice,CP1,2016-04-27,2021-01-22,763
503,SN,Kraków,CP9,2013-02-23,2021-04-21,2
504,Qd,Gliwice,CP1,2012-11-10,2021-08-24,99
505,pH,Gliwice,CP1,2016-03-02,2020-06-20,672
506,fA,Kraków,ISO,2019-02-12,2021-10-26,424
507,qn,Katowice,CP1,2015-10-27,2020-07-21,739
508,ej,Katowice,EUR,2011-01-20,2020-11-12,436
509,pp,Gliwice,CP1,2010-02-13,2021-10-01,726
510," A",Kraków,CP5,2016-06-01,2021-10-27,483
511,Ed,Kraków,CP9,2017-06-07,2021-10-25,238
512,eu,Kraków,CP5,2013-05-28,2021-08-24,790
513,jh,Gliwice,CP9,2015-11-11,2021-09-18,966
514,ma,Katowice,CP9,2016-09-01,2021-06-29,77
515,Mz,Kraków,CP9,2018-01-07,2020-03-21,984
516,FX,Katowice,EPAL,2011-07-16,2021-12-13,551
517,Xg,Gliwice,CP1,2017-04-18,2020-09-10,944
518,da,Gliwice,CP5,2015-03-14,2020-02-20,535
519,nj,Katowice,CP1,2010-05-29,2020-03-02,731
520,nJ,Gliwice,CP5,2012-03-18,2021-07-20,849
521,kw,Gliwice,EPAL,2018-02-18,2021-12-03,427
522,qo,Katowice,EPAL,2019-05-19,2021-04-25,899
523,QB,Gliwice,CP9,2017-11-19,2021-02-03,644
524,qE,Gliwice,CP5,2011-10-14,2021-10-16,827
525,Wa,Katowice,ISO,2015-04-02,2020-09-30,105
526,fI,Kraków,CP5,2017-10-29,2020-10-04,562
527,MD,Katowice,EUR,2014-10-06,2020-09-25,928
528,rR,Katowice,EUR,2017-08-12,2020-10-17,301
529,UL,Katowice,CP1,2011-08-15,2020-02-01,689
530,xB,Katowice,CP5,2013-08-07,2021-11-16,509
531,mh,Katowice,CP9,2014-10-16,2021-12-09,581
532,Xu,Gliwice,CP1,2016-03-09,2020-07-23,223
533,nU,Gliwice,EPAL,2011-03-09,2020-08-15,716
534," w",Gliwice,ISO,2012-10-11,2020-06-13,566
535,mB,Gliwice,EUR,2016-05-13,2021-02-28,181
536,CU,Gliwice,EUR,2018-11-17,2020-12-13,817
537,Xv,Gliwice,EUR,2015-04-06,2021-10-09,530
538,cI,Katowice,CP9,2013-03-24,2020-09-22,3
539,HH,Kraków,ISO,2011-06-01,2020-04-20,165
540,WE,Kraków,CP9,2013-01-05,2021-09-30,942
541,ck,Gliwice,CP5,2012-05-12,2020-05-06,307
542,xY,Katowice,CP9,2016-08-19,2021-10-26,601
543,fR,Kraków,CP1,2016-08-14,2020-08-20,1
544,Cd,Katowice,ISO,2014-01-26,2021-05-13,558
545,wD,Katowice,ISO,2017-08-25,2021-03-21,302
546,Gz,Kraków,EUR,2016-12-09,2020-12-21,287
547,fp,Katowice,CP9,2019-02-23,2021-01-14,933
548,MR,Kraków,EUR,2013-12-11,2020-06-16,17
549,qw,Gliwice,EUR,2017-07-13,2020-09-23,850
550,NP,Kraków,EUR,2013-10-25,2021-11-03,871
551,BJ,Kraków,EPAL,2015-12-17,2020-03-25,839
552,dP,Katowice,EPAL,2012-11-09,2021-09-09,781
553,sA,Katowice,ISO,2018-08-18,2021-03-03,515
554,qh,Kraków,EUR,2010-08-24,2020-12-30,708
555,ti,Katowice,CP5,2013-10-25,2021-01-15,791
556,Hr,Katowice,EUR,2019-11-01,2021-01-18,850
557,St,Katowice,CP5,2013-03-03,2020-02-19,226
558,GR,Gliwice,EPAL,2018-10-27,2021-05-17,964
559,hF,Kraków,CP5,2014-01-18,2020-02-03,968
560,Xm,Gliwice,EUR,2015-08-07,2021-12-16,434
561,MV,Katowice,CP9,2012-03-16,2021-10-11,250
562,uT,Kraków,CP1,2014-09-11,2020-06-26,510
563,ch,Gliwice,EUR,2016-07-15,2021-07-05,643
564,VW,Kraków,CP9,2011-02-18,2020-05-17,35
565,vC,Gliwice,ISO,2013-03-17,2021-02-18,512
566,NZ,Katowice,CP5,2014-12-04,2020-12-27,902
567,oE,Katowice,EUR,2015-02-04,2020-06-12,36
568,ub,Kraków,EUR,2010-10-18,2020-03-01,29
569,Sm,Katowice,CP9,2015-04-13,2021-09-12,507
570,ek,Kraków,CP1,2016-09-18,2021-02-12,316
571,rR,Gliwice,EUR,2013-04-12,2021-03-20,473
572,Gu,Kraków,EPAL,2019-02-22,2021-01-21,427
573,Gd,Katowice,EPAL,2015-05-04,2020-05-19,615
574,TH,Gliwice,ISO,2010-10-30,2021-01-14,99
575,el,Gliwice,EUR,2011-08-27,2020-02-18,82
576,fx,Gliwice,CP5,2017-03-27,2021-07-05,784
577,UT,Gliwice,ISO,2012-01-25,2021-05-08,444
578,ti,Katowice,CP5,2018-01-25,2021-05-14,645
579,Lp,Kraków,EUR,2015-12-23,2021-08-06,574
580,tl,Katowice,EUR,2018-08-13,2021-11-09,703
581,cg,Gliwice,CP9,2018-01-23,2020-10-30,694
582,va,Katowice,CP9,2019-01-19,2020-01-26,652
583,rF,Katowice,CP9,2013-03-14,2021-03-10,816
584," Y",Katowice,EUR,2016-02-13,2021-04-29,589
585,Cp,Katowice,CP9,2011-04-16,2021-08-24,675
586,km,Kraków,ISO,2019-09-01,2020-06-09,959
587,RW,Kraków,ISO,2014-09-13,2021-09-16,622
588,mw,Kraków,CP5,2019-12-27,2021-07-16,622
589,eP,Gliwice,ISO,2018-08-06,2020-12-13,554
590,"s ",Katowice,EPAL,2017-06-20,2021-12-09,349
591,Dk,Gliwice,CP1,2019-03-27,2020-05-02,49
592,Tx,Katowice,ISO,2015-05-26,2021-11-15,417
593,yR,Kraków,CP5,2018-12-10,2020-11-08,762
594,lX,Kraków,CP1,2012-03-12,2021-06-19,379
595,Ms,Katowice,CP5,2018-12-23,2020-11-14,856
596,GY,Kraków,ISO,2015-08-12,2021-03-07,624
597,Hj,Katowice,EPAL,2010-02-01,2021-03-17,462
598,Hu,Katowice,CP5,2017-04-16,2020-09-18,537
599,rj,Katowice,EPAL,2015-03-05,2021-05-06,20
600,IU,Kraków,CP9,2014-07-20,2021-05-10,820
601,hd,Katowice,CP5,2016-10-24,2020-12-01,883
602,vN,Katowice,ISO,2018-04-10,2021-11-05,220
603,uf,Katowice,EPAL,2010-06-24,2021-07-08,553
604,jh,Gliwice,ISO,2013-01-18,2020-01-23,557
605,Vx,Gliwice,CP5,2013-09-29,2020-02-22,258
606,Jt,Kraków,EPAL,2013-11-06,2021-03-23,712
607,el,Katowice,CP1,2012-05-27,2021-05-05,656
608,Dw,Katowice,CP5,2017-03-19,2020-02-02,236
609,Ew,Kraków,ISO,2013-08-04,2021-06-24,282
610,fu,Gliwice,CP5,2017-12-01,2020-03-31,816
611,up,Katowice,EUR,2019-10-04,2020-12-24,12
612,rq,Gliwice,EPAL,2013-03-21,2020-04-13,508
613,vL,Kraków,CP9,2010-12-26,2021-09-28,947
614,nV,Gliwice,CP1,2018-09-06,2021-01-21,253
615,Jl,Katowice,ISO,2019-05-14,2020-09-11,579
616,FY,Katowice,EPAL,2012-01-31,2020-12-28,993
617,wC,Katowice,ISO,2013-08-29,2020-05-06,209
618,gZ,Kraków,CP1,2013-06-22,2021-02-24,621
619,Kq,Gliwice,EUR,2013-10-23,2021-12-17,753
620,DD,Kraków,EUR,2013-08-10,2020-06-17,567
621,YY,Gliwice,EUR,2010-09-09,2020-10-13,268
622,yM,Kraków,ISO,2018-03-06,2020-03-23,397
623,lB,Katowice,CP9,2010-11-02,2020-01-30,632
624,RZ,Katowice,CP1,2010-03-07,2020-06-22,772
625,ZX,Gliwice,CP1,2011-07-23,2020-02-17,364
626,Am,Kraków,EUR,2018-02-14,2020-04-20,955
627,me,Gliwice,EPAL,2019-03-17,2021-01-04,160
628,iQ,Katowice,ISO,2010-12-04,2020-09-05,70
629,bg,Katowice,CP1,2016-06-27,2021-07-10,868
630,ym,Katowice,CP9,2014-12-16,2020-07-06,851
631,ZO,Kraków,CP5,2015-10-24,2020-10-22,802
632,kD,Gliwice,CP5,2014-01-30,2021-03-12,745
633,Du,Kraków,CP5,2018-01-27,2021-06-28,48
634,fe,Katowice,CP5,2015-11-29,2020-01-14,958
635,TX,Katowice,CP9,2016-02-28,2021-05-18,825
636,Fd,Katowice,CP1,2019-10-25,2020-02-19,712
637,wh,Gliwice,CP1,2015-10-24,2020-09-03,815
638,eW,Kraków,CP1,2010-07-26,2020-05-19,75
639,Ze,Kraków,EUR,2010-05-07,2021-10-11,143
640,mR,Katowice,CP5,2011-09-20,2020-12-23,761
641,MO,Gliwice,CP9,2014-09-08,2021-07-20,67
642,QD,Gliwice,CP9,2013-02-19,2021-08-25,491
643,LE,Gliwice,ISO,2016-06-05,2020-02-08,627
644,bL,Kraków,ISO,2015-11-25,2021-12-12,367
645,kI,Kraków,CP5,2019-03-19,2021-09-22,4
646,YG,Kraków,EPAL,2014-08-20,2021-09-11,482
647,FF,Kraków,CP5,2015-08-04,2021-12-10,927
648,Qz,Kraków,CP1,2012-04-26,2021-09-21,633
649,SU,Kraków,CP5,2010-01-24,2020-04-02,857
650,AM,Kraków,ISO,2018-12-05,2020-06-30,465
651,cg,Kraków,CP5,2016-03-08,2020-01-07,728
652,nD,Katowice,EPAL,2010-12-02,2020-08-03,749
653,Bl,Katowice,CP9,2019-11-18,2020-02-24,248
654,Zc,Katowice,CP1,2019-04-24,2020-08-24,536
655,Ew,Kraków,CP1,2017-03-03,2021-08-02,901
656,jd,Katowice,CP5,2015-10-27,2021-06-02,69
657,Tb,Gliwice,ISO,2010-07-04,2021-12-07,191
658,RR,Kraków,EPAL,2010-01-23,2021-08-08,286
659,If,Gliwice,CP5,2013-03-31,2021-12-08,416
660,pf,Kraków,CP5,2010-06-01,2021-03-13,270
661,KQ,Kraków,EPAL,2011-09-14,2021-12-07,278
662,AV,Gliwice,CP5,2018-02-23,2021-09-16,43
663,eQ,Katowice,CP1,2013-04-05,2020-03-01,618
664,oQ,Gliwice,CP9,2019-11-10,2021-08-05,298
665,XS,Gliwice,EUR,2019-06-05,2021-04-29,881
666,zK,Gliwice,CP1,2015-05-13,2021-09-06,648
667,go,Gliwice,EPAL,2014-12-15,2021-06-26,422
668,uW,Kraków,EUR,2010-03-02,2021-10-12,442
669,Uh,Gliwice,CP1,2017-04-22,2021-04-16,473
670,yk,Gliwice,CP5,2013-02-19,2020-02-22,751
671,MM,Kraków,EUR,2015-03-23,2020-07-21,747
672,sv,Katowice,EPAL,2017-07-06,2020-02-01,326
673,Xq,Katowice,EPAL,2012-10-26,2021-01-16,515
674,"H ",Gliwice,EUR,2019-04-17,2020-09-20,632
675,wT,Katowice,EUR,2017-07-14,2020-06-10,199
676,al,Gliwice,CP5,2016-06-25,2021-01-17,899
677,hR,Gliwice,CP1,2016-08-05,2021-05-20,919
678,zT,Gliwice,EPAL,2012-07-31,2020-11-15,463
679,Bk,Katowice,EUR,2014-07-27,2021-03-07,607
680,Kl,Gliwice,CP9,2017-02-19,2020-11-07,765
681,DM,Kraków,EUR,2011-11-16,2021-11-26,481
682,Gv,Kraków,EPAL,2012-07-09,2021-01-14,415
683,Go,Katowice,CP5,2012-09-09,2020-01-17,530
684,ju,Gliwice,ISO,2017-10-03,2021-07-14,966
685,KX,Katowice,CP9,2010-11-16,2021-12-06,682
686,gH,Kraków,CP1,2016-12-10,2020-09-29,546
687,"s ",Kraków,EPAL,2017-02-24,2021-11-25,382
688,Zo,Kraków,CP9,2014-06-07,2020-11-04,94
689,Hk,Kraków,CP5,2017-02-22,2021-08-18,470
690,KS,Kraków,CP1,2017-12-15,2021-02-01,699
691,Zr,Kraków,ISO,2014-03-25,2020-07-11,559
692,Cl,Kraków,ISO,2017-01-13,2021-10-19,714
693,aB,Kraków,ISO,2013-12-26,2021-06-11,830
694,vD,Gliwice,EUR,2018-12-24,2021-01-07,943
695,eW,Katowice,CP1,2014-07-10,2021-10-31,469
696,OE,Katowice,CP9,2013-03-11,2020-10-17,304
697,qe,Gliwice,CP1,2017-03-21,2020-07-24,70
698,wN,Gliwice,ISO,2018-02-28,2021-02-08,654
699,Ur,Katowice,ISO,2014-07-26,2021-05-10,996
700,Gj,Kraków,ISO,2018-10-09,2021-08-26,964
701,YU,Gliwice,CP1,2016-12-11,2020-02-21,554
702,qx,Kraków,EUR,2011-07-10,2020-01-25,414
703,ui,Gliwice,EUR,2019-09-05,2021-08-03,853
704,ee,Kraków,EPAL,2016-02-11,2021-12-21,210
705,iB,Kraków,CP1,2019-05-06,2021-02-26,889
706,ew,Kraków,CP9,2014-08-28,2020-02-16,487
707,Uz,Kraków,CP5,2017-12-04,2020-11-14,213
708,Jy,Kraków,CP5,2018-02-23,2020-04-19,573
709,Ao,Katowice,ISO,2010-01-09,2020-05-27,943
710,ie,Katowice,CP9,2016-04-01,2021-07-31,513
711,tz,Kraków,CP9,2015-06-16,2020-11-09,205
712,dg,Gliwice,EPAL,2015-07-29,2020-07-18,129
713,LM,Gliwice,EUR,2013-10-10,2021-06-18,865
714,pJ,Gliwice,EPAL,2013-11-17,2021-03-26,344
715,iN,Kraków,EUR,2012-08-18,2021-09-19,618
716,pK,Kraków,EPAL,2010-12-23,2021-10-15,45
717,FX,Gliwice,CP9,2013-11-06,2021-08-30,601
718,gQ,Gliwice,CP5,2012-08-10,2021-10-15,490
719,aB,Gliwice,CP5,2014-03-09,2021-06-07,277
720,JA,Kraków,CP9,2019-02-26,2021-04-19,385
721,ay,Kraków,EPAL,2015-12-27,2020-11-23,812
722,kU,Gliwice,CP1,2010-07-21,2021-05-03,343
723,EH,Kraków,EUR,2012-05-23,2020-01-03,599
724,PC,Katowice,EPAL,2017-05-14,2020-08-06,743
725,yZ,Katowice,CP1,2011-10-05,2020-05-24,396
726,JG,Kraków,CP5,2014-11-21,2021-08-20,441
727,iW,Gliwice,EPAL,2017-04-19,2020-06-18,785
728,Qp,Gliwice,EUR,2013-01-02,2021-12-28,233
729,"m ",Kraków,EUR,2018-03-10,2020-08-31,504
730,Yf,Katowice,EPAL,2015-12-01,2021-02-06,687
731,"E ",Kraków,EPAL,2015-04-15,2021-09-26,436
732,JB,Kraków,CP9,2019-10-18,2021-12-16,554
733,kU,Kraków,CP1,2010-12-08,2021-07-26,11
734,Cs,Katowice,ISO,2018-10-07,2021-01-02,137
735,rK,Katowice,CP9,2011-11-25,2020-03-16,624
736,MD,Katowice,ISO,2013-03-23,2020-11-15,385
737," e",Gliwice,CP1,2014-10-31,2020-10-21,495
738,eM,Katowice,EPAL,2016-05-17,2020-09-09,871
739,Wl,Gliwice,EPAL,2016-02-23,2020-03-30,133
740,Qq,Katowice,ISO,2012-10-06,2021-01-17,204
741,bT,Katowice,ISO,2011-02-09,2020-01-29,452
742,UU,Gliwice,EPAL,2017-09-03,2020-01-21,266
743,wd,Kraków,EUR,2014-04-04,2021-01-19,720
744," E",Kraków,CP1,2012-09-07,2021-12-10,695
745,BL,Gliwice,CP1,2011-09-05,2021-12-20,507
746,"P ",Kraków,CP1,2010-03-02,2020-04-12,255
747,MN,Gliwice,ISO,2013-03-15,2021-10-24,759
748,wp,Kraków,EPAL,2019-08-19,2021-05-28,617
749,pp,Kraków,CP5,2018-06-20,2021-07-26,177
750,hN,Katowice,CP1,2013-05-28,2021-04-02,148
751,DL,Gliwice,CP1,2018-04-18,2021-01-11,160
752,JO,Gliwice,CP9,2019-05-04,2020-05-14,176
753,AF,Kraków,EPAL,2019-06-15,2021-09-21,763
754,UW,Kraków,EPAL,2010-10-09,2020-08-14,731
755,Gl,Gliwice,CP9,2016-10-14,2020-12-26,671
756,Lg,Kraków,EPAL,2010-07-04,2020-12-10,520
757,OL,Kraków,EUR,2016-09-30,2021-03-10,607
758,bG,Gliwice,CP5,2012-03-27,2021-12-03,287
759,uG,Katowice,CP9,2011-03-24,2021-02-19,556
760,bS,Gliwice,CP9,2013-06-02,2020-02-01,878
761,HJ,Katowice,EPAL,2017-03-25,2020-04-29,186
762,TC,Kraków,CP1,2010-08-02,2021-11-05,697
763,pg,Gliwice,CP1,2010-10-01,2021-10-12,115
764,oy,Gliwice,CP1,2018-09-29,2021-05-19,715
765,Ds,Katowice,CP9,2015-08-21,2021-10-15,766
766,eJ,Kraków,ISO,2016-09-30,2021-09-01,739
767,LR,Katowice,EUR,2014-05-15,2021-10-09,134
768,lL,Gliwice,CP1,2011-04-30,2021-05-26,931
769,fq,Kraków,EUR,2019-03-31,2020-12-27,650
770,aO,Katowice,ISO,2016-02-15,2020-02-24,825
771,yp,Katowice,CP9,2019-10-25,2021-01-24,964
772," p",Gliwice,EUR,2014-01-21,2020-09-24,696
773,Tn,Katowice,CP9,2018-10-04,2021-03-03,239
774,Hu,Gliwice,EUR,2015-05-18,2020-02-22,243
775,XS,Kraków,CP5,2012-11-25,2021-05-23,26
776,To,Gliwice,CP5,2010-06-03,2020-03-02,797
777," s",Kraków,CP9,2016-06-06,2020-09-04,761
778,xJ,Katowice,CP1,2018-05-26,2020-05-20,755
779,Nk,Katowice,CP5,2013-08-20,2021-08-04,392
780,wz,Gliwice,ISO,2013-03-27,2020-12-25,682
781,zP,Kraków,EUR,2019-10-08,2021-09-23,790
782,MN,Kraków,EUR,2017-04-14,2020-04-30,293
783,sK,Katowice,EPAL,2014-09-16,2020-09-19,779
784,fZ,Katowice,ISO,2013-11-18,2020-05-02,626
785,xu,Gliwice,EPAL,2018-04-29,2020-05-14,250
786,EC,Kraków,CP1,2016-06-09,2021-03-21,525
787,Ua,Gliwice,CP5,2011-11-23,2020-08-26,61
788,jk,Katowice,EPAL,2012-06-09,2021-05-11,853
789,yG,Katowice,CP5,2010-02-04,2020-09-21,709
790,Ad,Kraków,EUR,2010-03-08,2021-10-12,314
791,Ss,Kraków,EUR,2015-07-30,2021-07-14,472
792,ba,Kraków,EUR,2010-05-12,2021-03-30,686
793,TX,Gliwice,ISO,2012-04-08,2021-07-10,72
794,Th,Kraków,EUR,2016-09-28,2021-08-13,968
795,ss,Kraków,EPAL,2016-08-27,2020-04-14,381
796,PJ,Katowice,CP5,2012-11-28,2021-09-13,700
797,wA,Kraków,CP9,2015-12-27,2021-10-27,269
798,JO,Kraków,ISO,2013-04-19,2020-04-30,64
799,TF,Kraków,CP5,2017-09-07,2020-07-26,203
800,Ky,Katowice,ISO,2019-05-23,2021-03-10,946
801,xb,Katowice,EUR,2015-05-12,2021-12-22,122
802,Jg,Katowice,CP1,2019-11-26,2020-06-24,670
803,CM,Kraków,CP9,2017-04-13,2020-05-30,421
804,fX,Kraków,EUR,2014-08-26,2021-05-05,983
805,LC,Katowice,CP5,2017-09-15,2021-05-29,111
806,Od,Kraków,EPAL,2012-03-20,2020-02-15,614
807,Fq,Gliwice,CP5,2012-07-14,2020-05-07,589
808,iM,Gliwice,EUR,2011-09-18,2020-03-20,949
809,pZ,Katowice,CP9,2013-03-25,2020-08-23,420
810,td,Kraków,EUR,2011-01-25,2020-04-08,461
811,tE,Gliwice,ISO,2013-05-05,2021-04-02,761
812,JJ,Katowice,EPAL,2015-01-19,2020-10-01,438
813,De,Kraków,CP9,2011-03-09,2020-07-29,106
814,Nl,Katowice,EUR,2011-06-06,2020-02-03,524
815,Hc,Gliwice,CP1,2012-11-18,2021-06-03,396
816,RT,Gliwice,EPAL,2015-08-09,2020-03-17,323
817,og,Gliwice,ISO,2013-12-22,2020-12-07,643
818,uh,Gliwice,CP5,2014-04-28,2021-10-09,225
819,ut,Gliwice,CP5,2016-05-30,2021-11-05,319
820,lB,Gliwice,EUR,2017-09-11,2021-02-02,946
821,KY,Kraków,EUR,2012-12-13,2020-06-17,843
822,Sa,Kraków,EUR,2012-06-21,2020-08-03,196
823,QO,Katowice,EUR,2015-08-30,2021-05-12,470
824,bM,Kraków,ISO,2010-07-07,2021-08-22,544
825,ZD,Katowice,EUR,2015-04-28,2021-04-28,944
826,mL,Katowice,ISO,2012-11-07,2020-09-14,639
827,tN,Kraków,EPAL,2015-06-22,2021-02-23,426
828,yI,Kraków,EPAL,2014-08-19,2021-05-18,141
829," t",Gliwice,EPAL,2014-01-08,2020-11-24,240
830,mc,Kraków,EUR,2019-02-25,2021-03-03,181
831,SK,Katowice,EUR,2011-01-26,2020-10-24,415
832,xa,Katowice,ISO,2018-07-01,2021-08-02,379
833,hs,Katowice,CP5,2017-11-22,2021-04-08,484
834,nE,Katowice,EUR,2017-08-14,2020-11-16,712
835,Ie,Katowice,CP5,2015-12-03,2021-07-15,1
836,tZ,Kraków,CP5,2012-11-17,2020-08-01,596
837,Jl,Kraków,ISO,2011-07-31,2021-03-01,988
838,kc,Kraków,CP9,2019-12-21,2020-09-18,77
839,Fj,Gliwice,EPAL,2015-06-15,2020-12-31,747
840,Vq,Gliwice,EUR,2016-09-06,2021-07-20,968
841,hl,Gliwice,CP1,2011-06-03,2021-06-18,710
842,Nv,Gliwice,CP9,2019-04-25,2020-05-28,602
843,Dx,Kraków,CP1,2013-02-22,2021-09-23,884
844,kx,Gliwice,EUR,2012-05-29,2021-03-27,966
845,nA,Kraków,EUR,2018-03-17,2021-06-03,698
846,WE,Kraków,CP1,2011-01-07,2020-10-13,277
847,wj,Gliwice,CP5,2018-09-02,2021-12-19,32
848,iv,Kraków,EUR,2011-11-25,2021-10-18,489
849,un,Katowice,ISO,2019-04-23,2020-05-05,69
850,fe,Katowice,EUR,2017-10-08,2020-12-30,339
851,KM,Katowice,EPAL,2016-10-23,2021-04-30,161
852,QQ,Katowice,CP1,2013-02-18,2020-04-10,450
853,Ax,Kraków,ISO,2017-05-08,2020-08-28,744
854,hx,Gliwice,CP1,2018-12-01,2020-03-14,93
855,kT,Katowice,EPAL,2013-10-17,2021-04-23,207
856,VJ,Kraków,EUR,2019-05-03,2021-09-13,644
857,sM,Katowice,EPAL,2016-10-03,2021-08-20,455
858,UZ,Kraków,CP1,2012-07-04,2020-03-14,91
859,yM,Katowice,CP9,2013-07-10,2021-10-22,610
860,Am,Gliwice,CP5,2017-10-24,2021-01-20,461
861,kI,Gliwice,EPAL,2019-04-17,2021-01-26,225
862,YB,Gliwice,EPAL,2011-08-29,2020-02-05,424
863,DJ,Gliwice,EPAL,2013-08-17,2021-08-15,333
864,"s ",Kraków,EUR,2018-08-31,2021-03-25,834
865,hK,Kraków,CP9,2019-12-03,2020-11-22,915
866,uX,Katowice,EUR,2015-02-21,2021-03-22,409
867,lA,Kraków,CP1,2018-06-20,2021-09-14,944
868,So,Kraków,CP5,2012-01-25,2020-07-28,196
869,nF,Kraków,ISO,2019-12-24,2020-05-29,790
870,xx,Katowice,ISO,2012-07-05,2021-11-16,261
871,An,Kraków,ISO,2015-03-29,2020-01-20,90
872,wo,Gliwice,CP9,2014-08-13,2020-04-19,554
873,ei,Katowice,CP9,2010-11-06,2021-11-12,408
874,bo,Gliwice,EUR,2010-09-13,2021-08-29,298
875,xp,Kraków,CP1,2016-04-27,2021-09-07,976
876,ML,Gliwice,CP9,2019-02-17,2020-10-31,533
877,WC,Gliwice,ISO,2017-11-15,2020-03-21,4
878,Ui,Katowice,ISO,2014-06-07,2020-08-27,356
879,pJ,Kraków,ISO,2010-03-31,2021-03-08,44
880,kn,Gliwice,CP5,2015-06-13,2021-09-04,955
881,if,Kraków,CP5,2016-01-20,2020-04-24,385
882,Cm,Katowice,EPAL,2017-10-09,2021-01-21,426
883,Js,Katowice,EPAL,2019-09-26,2020-10-26,529
884,hu,Kraków,EPAL,2010-06-19,2020-11-25,223
885,kk,Gliwice,EPAL,2018-08-15,2020-11-24,292
886,II,Kraków,EUR,2014-10-27,2021-08-12,575
887," c",Gliwice,EUR,2012-07-06,2020-06-22,843
888,bW,Katowice,CP1,2011-09-23,2020-01-15,395
889,fQ,Gliwice,ISO,2015-08-15,2021-11-29,780
890,ll,Katowice,CP9,2014-05-16,2020-07-04,8
891,PN,Kraków,CP5,2017-12-11,2021-07-26,129
892,dj,Kraków,EUR,2015-01-17,2021-07-25,831
893,JB,Katowice,CP9,2014-04-17,2020-07-17,517
894,CI,Gliwice,ISO,2010-11-18,2020-09-15,71
895,Ey,Kraków,CP1,2018-12-17,2021-05-20,711
896,sH,Kraków,CP9,2013-05-05,2021-05-22,222
897,sm,Kraków,ISO,2012-08-19,2021-12-04,831
898,vK,Kraków,EUR,2010-08-14,2021-10-09,984
899,WO,Gliwice,ISO,2018-06-02,2020-03-27,485
900,Ir,Kraków,EUR,2015-01-19,2020-03-15,488
901,do,Katowice,EPAL,2012-08-31,2021-01-21,719
902,ox,Katowice,ISO,2016-06-20,2020-09-26,537
903,vg,Kraków,ISO,2015-08-10,2021-09-05,504
904,ub,Gliwice,EUR,2019-05-25,2020-10-07,648
905,WL,Kraków,CP5,2013-06-12,2021-10-18,332
906,Wp,Gliwice,CP5,2010-10-19,2021-10-06,790
907,Cv,Gliwice,EPAL,2012-06-26,2021-05-28,960
908,xD,Katowice,EUR,2017-08-06,2020-10-25,481
909,oU,Kraków,EPAL,2017-02-26,2021-07-11,898
910,tS,Gliwice,EPAL,2011-11-26,2021-04-25,766
911,kT,Kraków,ISO,2015-03-31,2020-04-15,945
912,rR,Gliwice,CP9,2015-08-27,2021-02-10,687
913,qP,Gliwice,ISO,2015-07-31,2021-07-17,311
914,ko,Katowice,CP9,2016-09-02,2020-09-15,730
915,nU,Gliwice,EUR,2015-09-01,2021-07-12,339
916,qD,Gliwice,CP5,2013-02-07,2020-03-09,993
917,cL,Kraków,CP1,2012-09-07,2021-04-21,218
918,DF,Katowice,CP1,2014-01-09,2021-07-21,620
919,Ub,Kraków,EPAL,2019-02-15,2021-12-21,781
920,Vz,Kraków,CP1,2015-12-27,2021-07-27,614
921,Fs,Kraków,ISO,2010-02-19,2020-01-30,995
922,vk,Kraków,EPAL,2019-02-11,2020-08-16,12
923,yZ,Kraków,EPAL,2018-06-05,2021-04-07,732
924,gj,Gliwice,EPAL,2018-09-26,2021-11-26,491
925,zU,Gliwice,CP1,2015-04-24,2020-08-15,14
926,sc,Kraków,CP1,2012-01-01,2020-11-16,446
927,UD,Katowice,CP1,2015-03-26,2021-09-22,752
928,Gp,Kraków,EPAL,2018-03-04,2021-07-19,524
929,dG,Katowice,EUR,2013-07-08,2020-08-31,713
930,SF,Kraków,ISO,2011-09-18,2020-04-30,913
931,PE,Kraków,EPAL,2014-12-04,2021-08-01,70
932,ZP,Katowice,EPAL,2017-10-19,2020-03-14,774
933,fm,Katowice,EPAL,2014-02-21,2021-04-01,290
934,OP,Katowice,ISO,2013-01-03,2021-05-10,517
935,IQ,Kraków,ISO,2016-03-17,2020-04-25,729
936,Yv,Katowice,CP5,2013-02-22,2021-07-27,851
937,hO,Gliwice,EUR,2013-12-22,2021-09-21,262
938,KR,Kraków,CP1,2018-10-31,2021-09-19,848
939,LC,Kraków,CP1,2014-10-23,2020-07-31,97
940,md,Katowice,CP9,2018-06-11,2020-03-26,870
941,eE,Gliwice,EUR,2013-01-29,2021-12-07,288
942,fn,Gliwice,ISO,2016-06-10,2021-12-08,611
943,hS,Kraków,EPAL,2015-11-25,2020-11-04,258
944,hK,Katowice,EPAL,2012-07-06,2020-07-05,578
945,fF,Gliwice,ISO,2010-11-21,2020-12-21,17
946,xq,Gliwice,CP1,2011-05-16,2020-08-03,531
947,MP,Katowice,CP1,2019-05-31,2020-06-29,740
948,uP,Kraków,CP9,2012-06-15,2021-09-19,446
949,tm,Kraków,EUR,2017-07-01,2021-11-03,439
950,eP,Kraków,CP5,2010-09-27,2021-02-05,905
951,Je,Gliwice,CP5,2013-01-26,2020-07-03,282
952,Dq,Gliwice,CP5,2013-12-07,2020-11-20,204
953,ow,Katowice,CP1,2016-08-09,2020-07-10,594
954,iO,Gliwice,CP1,2017-10-22,2021-11-17,957
955,yM,Kraków,EPAL,2016-11-13,2021-01-31,875
956,Eo,Katowice,CP9,2012-09-03,2020-10-03,30
957,Pr,Gliwice,EPAL,2012-02-07,2020-04-20,748
958,sN,Kraków,CP9,2014-02-21,2021-07-17,312
959,mb,Katowice,EPAL,2011-03-04,2020-06-25,55
960,Fd,Katowice,EUR,2011-12-15,2021-07-23,327
961,DZ,Katowice,ISO,2015-09-23,2020-03-22,943
962,Jl,Kraków,ISO,2014-09-18,2021-07-12,865
963,iR,Kraków,CP5,2016-03-12,2020-02-26,385
964,zI,Gliwice,CP9,2013-04-20,2021-06-25,730
965,Kh,Katowice,CP5,2019-10-10,2020-06-10,741
966,kx,Katowice,CP5,2012-08-31,2021-04-16,741
967,We,Kraków,CP9,2017-03-27,2020-06-16,479
968,sa,Kraków,CP1,2019-11-12,2021-09-27,563
969,Yj,Gliwice,CP5,2018-12-25,2021-02-18,719
970,Gw,Katowice,CP5,2019-05-02,2021-07-05,686
971,Hd,Katowice,CP9,2019-04-18,2020-06-10,6
972,Jx,Kraków,ISO,2019-07-15,2020-08-20,687
973,"c ",Kraków,EUR,2012-04-01,2020-01-18,610
974,BR,Katowice,CP1,2017-01-09,2020-06-29,158
975,GR,Katowice,ISO,2011-10-29,2021-08-17,8
976,cw,Gliwice,EUR,2014-10-10,2021-08-18,400
977,WT,Gliwice,ISO,2017-02-06,2021-10-07,589
978,zf,Katowice,CP9,2012-08-14,2020-03-26,919
979,yU,Kraków,CP9,2013-04-10,2020-08-31,54
980,fy,Gliwice,CP1,2015-12-25,2020-02-23,987
981,wQ,Katowice,ISO,2014-06-12,2020-01-12,234
982,"z ",Gliwice,EUR,2015-02-13,2021-07-30,153
983,Mp,Katowice,CP9,2010-09-15,2020-02-08,40
984,UX,Kraków,EUR,2013-06-20,2020-02-21,78
985,VH,Katowice,CP5,2015-10-15,2020-10-31,623
986,Mp,Katowice,CP5,2017-07-19,2021-03-17,884
987,Ls,Kraków,CP1,2014-10-11,2020-08-20,500
988,yw,Katowice,ISO,2013-03-14,2021-03-04,463
989,Hv,Gliwice,CP1,2010-09-16,2020-12-17,279
990,PW,Katowice,EPAL,2011-04-04,2020-03-02,637
991,Ba,Gliwice,CP5,2017-03-17,2021-02-06,385
992,Pb,Gliwice,CP1,2015-06-07,2020-07-13,312
993,bK,Kraków,CP5,2010-05-03,2020-02-14,524
994,iS,Kraków,CP9,2012-08-10,2020-01-25,602
995,Ny,Gliwice,ISO,2012-05-19,2020-10-19,570
996,Tp,Gliwice,CP5,2013-10-30,2021-10-27,470
997,Ft,Kraków,CP9,2018-11-06,2021-12-27,745
998,yW,Katowice,CP5,2015-05-29,2021-08-08,955
999,Pj,Katowice,EUR,2010-09-08,2021-04-20,479
1000,Rx,Kraków,EUR,2016-09-16,2021-06-27,496
1001,YG,Gliwice,EUR,2017-08-03,2020-10-22,24
1002,ey,Kraków,EUR,2017-07-29,2020-10-08,834
1003,TQ,Gliwice,CP1,2018-09-07,2021-10-14,486
1004,vf,Gliwice,ISO,2011-07-10,2021-05-08,528
1005,ob,Katowice,CP9,2011-04-27,2021-06-02,414
1006,WY,Gliwice,CP1,2016-03-09,2021-11-19,898
1007,cO,Katowice,ISO,2018-02-19,2021-04-12,887
1008,mI,Kraków,CP5,2013-09-05,2020-01-23,109
1009,aB,Gliwice,ISO,2017-09-05,2020-03-14,850
1010,Lz,Gliwice,CP1,2012-01-29,2020-10-10,899
1011,Wf,Katowice,ISO,2013-12-29,2021-09-07,752
1012,zO,Kraków,CP5,2010-09-11,2021-11-08,744
1013,"W ",Gliwice,EUR,2016-09-12,2021-10-22,628
1014,ar,Gliwice,EPAL,2015-08-14,2020-10-22,787
1015,Fz,Gliwice,EPAL,2018-08-21,2021-08-12,208
1016,xy,Kraków,ISO,2018-06-14,2021-02-15,136
1017,Wu,Kraków,CP9,2011-12-13,2021-04-23,485
1018,sc,Kraków,EPAL,2011-07-26,2020-08-09,887
1019,Co,Katowice,CP1,2016-10-01,2021-02-04,339
1020,fL,Katowice,EPAL,2015-06-27,2020-04-06,256
1021,QB,Kraków,CP5,2017-05-14,2020-09-30,832
1022," F",Katowice,ISO,2015-01-01,2020-05-27,417
1023,HB,Kraków,CP1,2016-10-04,2021-07-29,68
1024,XK,Gliwice,EUR,2011-10-23,2021-10-08,426
1025,WN,Gliwice,ISO,2011-10-02,2020-12-01,489
1026,nC,Kraków,CP1,2018-08-04,2020-02-13,771
1027,Sd,Kraków,EPAL,2010-11-03,2021-09-13,997
1028,Pk,Kraków,EPAL,2014-04-29,2021-01-28,856
1029,bN,Gliwice,ISO,2019-08-26,2020-03-20,736
1030,mN,Gliwice,EUR,2013-02-19,2021-01-03,516
1031,WU,Katowice,EUR,2012-03-07,2021-01-28,943
1032,nV,Gliwice,CP5,2014-10-07,2020-03-06,864
1033,RJ,Kraków,CP1,2017-12-27,2021-02-03,80
1034,PE,Gliwice,CP9,2012-09-08,2020-06-18,774
1035,tF,Gliwice,EUR,2018-12-10,2021-08-12,318
1036,lk,Kraków,CP9,2012-09-21,2021-05-14,182
1037,BT,Katowice,ISO,2015-09-14,2020-02-14,675
1038,fj,Katowice,CP1,2015-01-06,2020-08-26,378
1039,XF,Katowice,EPAL,2010-07-17,2020-05-17,301
1040,yG,Katowice,EUR,2012-09-21,2021-05-03,365
1041,eG,Gliwice,CP9,2011-08-20,2021-06-05,37
1042,vs,Gliwice,EPAL,2018-08-08,2020-03-09,725
1043,yS,Gliwice,CP1,2018-05-03,2020-01-26,161
1044,lM,Gliwice,EPAL,2019-10-03,2020-03-28,257
1045,iG,Gliwice,CP9,2012-08-26,2020-11-25,317
1046,IN,Gliwice,CP1,2011-07-14,2021-05-06,340
1047,"j ",Katowice,EPAL,2011-04-20,2020-02-10,918
1048,kP,Kraków,EPAL,2011-06-17,2021-01-04,258
1049,fe,Gliwice,EPAL,2014-01-31,2020-08-23,254
1050,mT,Kraków,CP5,2017-06-13,2021-04-08,808
1051,PG,Katowice,CP9,2011-04-30,2021-12-14,52
1052,Xq,Gliwice,EUR,2013-05-29,2021-12-25,671
1053,bQ,Kraków,EPAL,2015-09-17,2020-04-06,164
1054,Gy,Katowice,CP9,2018-03-11,2020-09-22,342
1055,Le,Katowice,CP9,2018-10-23,2021-03-17,481
1056,pa,Kraków,EUR,2016-08-18,2021-09-10,11
1057,gy,Kraków,EPAL,2010-11-23,2020-02-10,207
1058,qx,Gliwice,CP5,2018-10-15,2021-08-14,119
1059,si,Kraków,EUR,2010-04-12,2020-10-03,718
1060,Nn,Kraków,EUR,2014-01-11,2021-02-01,49
1061,Yk,Kraków,EPAL,2019-08-06,2021-04-22,190
1062,KR,Gliwice,ISO,2018-07-09,2021-06-08,660
1063,pb,Katowice,ISO,2013-08-11,2021-06-11,185
1064,PO,Kraków,ISO,2012-10-20,2021-12-22,954
1065,Zq,Kraków,CP9,2013-11-09,2020-05-28,298
1066,YH,Kraków,EUR,2010-03-20,2020-09-30,3
1067,LU,Gliwice,EUR,2014-12-09,2020-02-18,194
1068,BY,Kraków,EUR,2012-10-18,2020-09-18,924
1069," c",Kraków,EPAL,2018-09-12,2021-05-23,412
1070,Tx,Kraków,EPAL,2010-05-08,2020-07-05,636
1071,We,Kraków,EUR,2018-01-14,2021-08-06,606
1072,DO,Katowice,ISO,2016-06-03,2021-05-22,821
1073,dg,Kraków,CP5,2013-04-14,2020-05-09,554
1074,uJ,Kraków,EPAL,2016-06-04,2020-04-04,578
1075,ke,Gliwice,ISO,2016-02-29,2021-01-21,962
1076,Qq,Kraków,CP9,2016-09-14,2021-01-15,237
1077,DA,Katowice,CP5,2013-03-19,2021-07-24,198
1078,ia,Gliwice,CP1,2010-05-03,2020-06-03,539
1079,Yf,Kraków,EPAL,2016-12-04,2021-01-11,184
1080,pu,Kraków,ISO,2017-06-23,2020-03-09,187
1081,Ei,Katowice,EUR,2010-01-04,2020-01-05,925
1082,lG,Kraków,EUR,2015-08-22,2020-07-16,890
1083,Nn,Gliwice,EPAL,2016-11-05,2020-12-31,505
1084,JQ,Gliwice,ISO,2014-09-14,2020-09-23,519
1085,FW,Gliwice,EPAL,2013-03-13,2020-03-05,179
1086,fy,Kraków,EPAL,2019-12-18,2021-02-15,539
1087,SP,Gliwice,CP5,2014-12-05,2020-03-31,879
1088,no,Kraków,CP5,2011-07-25,2021-11-11,557
1089,"B ",Gliwice,EUR,2017-09-05,2020-08-28,932
1090,Ak,Gliwice,ISO,2011-04-26,2021-08-23,958
1091,"z ",Kraków,CP1,2017-08-29,2020-09-05,504
1092,"M ",Gliwice,ISO,2018-03-23,2020-11-11,460
1093,al,Katowice,EUR,2018-04-19,2020-09-27,808
1094,Lm,Gliwice,EPAL,2013-12-22,2021-03-20,297
1095,mM,Kraków,ISO,2014-05-24,2021-06-23,161
1096,Zz,Kraków,EPAL,2011-04-26,2021-01-25,770
1097,dd,Gliwice,ISO,2010-07-05,2020-10-11,428
1098,FH,Katowice,CP5,2012-12-17,2020-05-28,604
1099,OX,Katowice,EUR,2011-10-13,2020-03-16,465